{
  "n_alerts": 400,
  "mean_personal_deviation": 0.8114674767079936,
  "mean_peer_deviation": 0.7115290694374924,
  "mean_temporal_deviation": 0.8671695365527918
}